Device,Time,Memory,Order,NSamples,NTraces,"NLabels, type"
CPU,0.00414730054954205,7572112,2,50,10000,1 scalar label
CPU,0.00428362132446352,7612112,2,50,50000,1 scalar label
CPU,0.00467438650561798,7662096,2,50,100000,1 scalar label
CPU,0.00549815915088106,7762064,2,50,200000,1 scalar label
CPU,0.00857616787972509,8062096,2,50,500000,1 scalar label
CPU,0.00528430606031746,9640784,2,100,10000,1 scalar label
CPU,0.005708564384,9680784,2,100,50000,1 scalar label
CPU,0.00646665586545925,9730768,2,100,100000,1 scalar label
CPU,0.00832471295333333,9830736,2,100,200000,1 scalar label
CPU,0.0147954488609467,10130768,2,100,500000,1 scalar label
CPU,0.00737526261447563,9640784,2,1000,10000,1 scalar label
CPU,0.0158503832088608,9680784,2,1000,50000,1 scalar label
CPU,0.0261943258115183,9730768,2,1000,100000,1 scalar label
CPU,0.0397200117619048,9830736,2,1000,200000,1 scalar label
CPU,0.0765444347424243,10130768,2,1000,500000,1 scalar label
CPU,0.0104060188770833,9640784,2,2000,10000,1 scalar label
CPU,0.0281324232191011,9680784,2,2000,50000,1 scalar label
CPU,0.0405117281370968,9730768,2,2000,100000,1 scalar label
CPU,0.0646675218974359,9830736,2,2000,200000,1 scalar label
CPU,0.142219693416667,10130768,2,2000,500000,1 scalar label
CPU,0.0219854543245614,9640784,2,5000,10000,1 scalar label
CPU,0.0494620149313726,9680784,2,5000,50000,1 scalar label
CPU,0.0827658938360656,9730768,2,5000,100000,1 scalar label
CPU,0.1460845952,9830736,2,5000,200000,1 scalar label
CPU,0.342768131133333,10130768,2,5000,500000,1 scalar label
CPU,0.0354195672567568,9640784,2,10000,10000,1 scalar label
CPU,0.0902202074642857,9680784,2,10000,50000,1 scalar label
CPU,0.152060914545455,9730768,2,10000,100000,1 scalar label
CPU,0.273587317052632,9830736,2,10000,200000,1 scalar label
CPU,0.639039747,10130768,2,10000,500000,1 scalar label
CPU,0.00414172849668325,7572112,4,50,10000,1 scalar label
CPU,0.00450609641155235,7612112,4,50,50000,1 scalar label
CPU,0.00498213322355289,7662096,4,50,100000,1 scalar label
CPU,0.00607594246415553,7762064,4,50,200000,1 scalar label
CPU,0.00979032924901961,8062096,4,50,500000,1 scalar label
CPU,0.00540212362445888,9640784,4,100,10000,1 scalar label
CPU,0.00599955309134615,9680784,4,100,50000,1 scalar label
CPU,0.00700918743539326,9730768,4,100,100000,1 scalar label
CPU,0.00952021226666667,9830736,4,100,200000,1 scalar label
CPU,0.0176359820422535,10130768,4,100,500000,1 scalar label
CPU,0.00915640706764168,9640784,4,1000,10000,1 scalar label
CPU,0.0190394165703422,9680784,4,1000,50000,1 scalar label
CPU,0.0327481123660131,9730768,4,1000,100000,1 scalar label
CPU,0.0505027681414142,9830736,4,1000,200000,1 scalar label
CPU,0.098084060882353,10130768,4,1000,500000,1 scalar label
CPU,0.0150703643674699,9640784,4,2000,10000,1 scalar label
CPU,0.0362394198768116,9680784,4,2000,50000,1 scalar label
CPU,0.0521328117604167,9730768,4,2000,100000,1 scalar label
CPU,0.0849747634745763,9830736,4,2000,200000,1 scalar label
CPU,0.188383081925926,10130768,4,2000,500000,1 scalar label
CPU,0.0329372537697368,9640784,4,5000,10000,1 scalar label
CPU,0.0673129775333333,9680784,4,5000,50000,1 scalar label
CPU,0.113556977511111,9730768,4,5000,100000,1 scalar label
CPU,0.1963745995,9830736,4,5000,200000,1 scalar label
CPU,0.45109814375,10130768,4,5000,500000,1 scalar label
CPU,0.0555167486813187,9640784,4,10000,10000,1 scalar label
CPU,0.129278546179487,9680784,4,10000,50000,1 scalar label
CPU,0.20592193324,9730768,4,10000,100000,1 scalar label
CPU,0.382183021428571,9830736,4,10000,200000,1 scalar label
CPU,0.869461789,10130768,4,10000,500000,1 scalar label
CPU,0.00429095234909716,7572112,8,50,10000,1 scalar label
CPU,0.00492416141913215,7612112,8,50,50000,1 scalar label
CPU,0.00565214651642129,7662096,8,50,100000,1 scalar label
CPU,0.00725846909593023,7762064,8,50,200000,1 scalar label
CPU,0.0123309968123457,8062096,8,50,500000,1 scalar label
CPU,0.0057725056930126,9640784,8,100,10000,1 scalar label
CPU,0.00683099087295082,9680784,8,100,50000,1 scalar label
CPU,0.00835794145652174,9730768,8,100,100000,1 scalar label
CPU,0.0117079876838408,9830736,8,100,200000,1 scalar label
CPU,0.0225301692567568,10130768,8,100,500000,1 scalar label
CPU,0.0140698193746479,9640784,8,1000,10000,1 scalar label
CPU,0.028308170440678,9680784,8,1000,50000,1 scalar label
CPU,0.0442408782389381,9730768,8,1000,100000,1 scalar label
CPU,0.0677239094054054,9830736,8,1000,200000,1 scalar label
CPU,0.138500078756757,10130768,8,1000,500000,1 scalar label
CPU,0.0244376745512195,9640784,8,2000,10000,1 scalar label
CPU,0.0498502141584158,9680784,8,2000,50000,1 scalar label
CPU,0.0726246607536232,9730768,8,2000,100000,1 scalar label
CPU,0.120258572380952,9830736,8,2000,200000,1 scalar label
CPU,0.264970232526316,10130768,8,2000,500000,1 scalar label
CPU,0.0538913672043011,9640784,8,5000,10000,1 scalar label
CPU,0.1055067488125,9680784,8,5000,50000,1 scalar label
CPU,0.170168925733333,9730768,8,5000,100000,1 scalar label
CPU,0.280811619055556,9830736,8,5000,200000,1 scalar label
CPU,0.629305649375,10130768,8,5000,500000,1 scalar label
CPU,0.102786082408163,9640784,8,10000,10000,1 scalar label
CPU,0.20161327596,9680784,8,10000,50000,1 scalar label
CPU,0.3127181591875,9730768,8,10000,100000,1 scalar label
CPU,0.5435584326,9830736,8,10000,200000,1 scalar label
CPU,0.00524082823294858,7572112,16,50,10000,1 scalar label
CPU,0.00738514219350074,7612112,16,50,50000,1 scalar label
CPU,0.00974208240350877,7662096,16,50,100000,1 scalar label
CPU,0.0142061015596591,7762064,16,50,200000,1 scalar label
CPU,0.028972506583815,8062096,16,50,500000,1 scalar label
CPU,0.0075458625060423,9640784,16,100,10000,1 scalar label
CPU,0.0100756570584677,9680784,16,100,50000,1 scalar label
CPU,0.0129795646805195,9730768,16,100,100000,1 scalar label
CPU,0.0192518810192308,9830736,16,100,200000,1 scalar label
CPU,0.0388234232015504,10130768,16,100,500000,1 scalar label
CPU,0.0310077462098765,9640784,16,1000,10000,1 scalar label
CPU,0.0524911813958333,9680784,16,1000,50000,1 scalar label
CPU,0.0737353109264706,9730768,16,1000,100000,1 scalar label
CPU,0.115286943340909,9830736,16,1000,200000,1 scalar label
CPU,0.235515362,10130768,16,1000,500000,1 scalar label
CPU,0.0554367341868132,9640784,16,2000,10000,1 scalar label
CPU,0.0928327377222222,9680784,16,2000,50000,1 scalar label
CPU,0.136142805324324,9730768,16,2000,100000,1 scalar label
CPU,0.216161096541667,9830736,16,2000,200000,1 scalar label
CPU,0.456525208181818,10130768,16,2000,500000,1 scalar label
CPU,0.133179609631579,9640784,16,5000,10000,1 scalar label
CPU,0.220014931217391,9680784,16,5000,50000,1 scalar label
CPU,0.318018360625,9730768,16,5000,100000,1 scalar label
CPU,0.5157795581,9830736,16,5000,200000,1 scalar label
CPU,1.1208875874,10130768,16,5000,500000,1 scalar label
CPU,0.265485662263158,9640784,16,10000,10000,1 scalar label
CPU,0.42405276575,9680784,16,10000,50000,1 scalar label
CPU,0.616518010777778,9730768,16,10000,100000,1 scalar label
CPU,1.0269583182,9830736,16,10000,200000,1 scalar label
CPU,0.00947551602083334,7572112,32,50,10000,1 scalar label
CPU,0.0158985960984127,7612112,32,50,50000,1 scalar label
CPU,0.0241102942211539,7662096,32,50,100000,1 scalar label
CPU,0.0390838968828125,7762064,32,50,200000,1 scalar label
CPU,0.0799806034603175,8062096,32,50,500000,1 scalar label
CPU,0.0142032045056818,9640784,32,100,10000,1 scalar label
CPU,0.0205261191311475,9680784,32,100,50000,1 scalar label
CPU,0.0278796327555556,9730768,32,100,100000,1 scalar label
CPU,0.043876687754386,9830736,32,100,200000,1 scalar label
CPU,0.0931216712592593,10130768,32,100,500000,1 scalar label
CPU,0.0993470015294118,9640784,32,1000,10000,1 scalar label
CPU,0.1400259315,9680784,32,1000,50000,1 scalar label
CPU,0.186245074925926,9730768,32,1000,100000,1 scalar label
CPU,0.272378684789474,9830736,32,1000,200000,1 scalar label
CPU,0.537579558,10130768,32,1000,500000,1 scalar label
CPU,0.193145506576923,9640784,32,2000,10000,1 scalar label
CPU,0.278628970055556,9680784,32,2000,50000,1 scalar label
CPU,0.363245075214286,9730768,32,2000,100000,1 scalar label
CPU,0.5393072381,9830736,32,2000,200000,1 scalar label
CPU,1.059720938,10130768,32,2000,500000,1 scalar label
CPU,0.468672874818182,9640784,32,5000,10000,1 scalar label
CPU,0.662530728375,9680784,32,5000,50000,1 scalar label
CPU,0.868041640166667,9730768,32,5000,100000,1 scalar label
CPU,1.30902336975,9830736,32,5000,200000,1 scalar label
CPU,2.633930793,10130768,32,5000,500000,1 scalar label
CPU,0.922643071,9640784,32,10000,10000,1 scalar label
CPU,1.28948632325,9680784,32,10000,50000,1 scalar label
CPU,1.73878561566667,9730768,32,10000,100000,1 scalar label
CPU,2.6194490245,9830736,32,10000,200000,1 scalar label
CPU,0.00273489438773275,49024,2,50,10000,16 vec label
CPU,0.0123039961253071,49024,2,50,50000,16 vec label
CPU,0.0244369393170732,49024,2,50,100000,16 vec label
CPU,0.0464224915185185,49024,2,50,200000,16 vec label
CPU,0.115536841454545,49024,2,50,500000,16 vec label
CPU,0.00439531887598945,62176,2,100,10000,16 vec label
CPU,0.020243805340081,62176,2,100,50000,16 vec label
CPU,0.040178411504,62176,2,100,100000,16 vec label
CPU,0.0781101923384615,62176,2,100,200000,16 vec label
CPU,0.191513162333333,62176,2,100,500000,16 vec label
CPU,0.0357525199571429,62176,2,1000,10000,16 vec label
CPU,0.149715390235294,62176,2,1000,50000,16 vec label
CPU,0.279975975055556,62176,2,1000,100000,16 vec label
CPU,0.5446414997,62176,2,1000,200000,16 vec label
CPU,1.39562904625,62176,2,1000,500000,16 vec label
CPU,0.0702211988888889,62176,2,2000,10000,16 vec label
CPU,0.290282408388889,62176,2,2000,50000,16 vec label
CPU,0.570711094222222,62176,2,2000,100000,16 vec label
CPU,1.0908105922,62176,2,2000,200000,16 vec label
CPU,2.702189933,62176,2,2000,500000,16 vec label
CPU,0.154922885484849,62176,2,5000,10000,16 vec label
CPU,0.704146246125,62176,2,5000,50000,16 vec label
CPU,1.33385691425,62176,2,5000,100000,16 vec label
CPU,2.68591677,62176,2,5000,200000,16 vec label
CPU,6.738551205,62176,2,5000,500000,16 vec label
CPU,0.301491889294118,62176,2,10000,10000,16 vec label
CPU,1.35331001575,62176,2,10000,50000,16 vec label
CPU,2.6623725865,62176,2,10000,100000,16 vec label
CPU,5.340914295,62176,2,10000,200000,16 vec label
CPU,13.253149849,62176,2,10000,500000,16 vec label
CPU,0.00349416357412587,49024,4,50,10000,16 vec label
CPU,0.0165523615728477,49024,4,50,50000,16 vec label
CPU,0.032110592698718,49024,4,50,100000,16 vec label
CPU,0.062655976625,49024,4,50,200000,16 vec label
CPU,0.15632308846875,49024,4,50,500000,16 vec label
CPU,0.00607402669623329,62176,4,100,10000,16 vec label
CPU,0.02783230245,62176,4,100,50000,16 vec label
CPU,0.0541651646774194,62176,4,100,100000,16 vec label
CPU,0.106591970829787,62176,4,100,200000,16 vec label
CPU,0.275321881157895,62176,4,100,500000,16 vec label
CPU,0.0495154657128713,62176,4,1000,10000,16 vec label
CPU,0.197804329884615,62176,4,1000,50000,16 vec label
CPU,0.415922087461538,62176,4,1000,100000,16 vec label
CPU,0.774998823142857,62176,4,1000,200000,16 vec label
CPU,1.94011456566667,62176,4,1000,500000,16 vec label
CPU,0.10003898594,62176,4,2000,10000,16 vec label
CPU,0.400691397461539,62176,4,2000,50000,16 vec label
CPU,0.789844345285714,62176,4,2000,100000,16 vec label
CPU,1.53987750375,62176,4,2000,200000,16 vec label
CPU,3.8426925435,62176,4,2000,500000,16 vec label
CPU,0.228412869954546,62176,4,5000,10000,16 vec label
CPU,0.983846128833333,62176,4,5000,50000,16 vec label
CPU,1.91113979466667,62176,4,5000,100000,16 vec label
CPU,3.804666722,62176,4,5000,200000,16 vec label
CPU,9.436920604,62176,4,5000,500000,16 vec label
CPU,0.44130375925,62176,4,10000,10000,16 vec label
CPU,1.98188296266667,62176,4,10000,50000,16 vec label
CPU,3.7938190335,62176,4,10000,100000,16 vec label
CPU,7.582548442,62176,4,10000,200000,16 vec label
CPU,18.948589386,62176,4,10000,500000,16 vec label
CPU,0.0162228747508091,49024,8,50,10000,16 vec label
CPU,0.0767332493333333,49024,8,50,50000,16 vec label
CPU,0.153462469151515,49024,8,50,100000,16 vec label
CPU,0.359652556571429,49024,8,50,200000,16 vec label
CPU,0.719435574857143,49024,8,50,500000,16 vec label
CPU,0.0169075908851351,62176,8,100,10000,16 vec label
CPU,0.0779338347076923,62176,8,100,50000,16 vec label
CPU,0.178294168793103,62176,8,100,100000,16 vec label
CPU,0.396701559615385,62176,8,100,200000,16 vec label
CPU,0.892278870666667,62176,8,100,500000,16 vec label
CPU,0.0927581997407408,62176,8,1000,10000,16 vec label
CPU,0.42722096875,62176,8,1000,50000,16 vec label
CPU,0.68437531225,62176,8,1000,100000,16 vec label
CPU,1.354231278,62176,8,1000,200000,16 vec label
CPU,3.3876667475,62176,8,1000,500000,16 vec label
CPU,0.183096421607143,62176,8,2000,10000,16 vec label
CPU,0.777010618428572,62176,8,2000,50000,16 vec label
CPU,1.414227157,62176,8,2000,100000,16 vec label
CPU,2.5821875355,62176,8,2000,200000,16 vec label
CPU,6.438636849,62176,8,2000,500000,16 vec label
CPU,0.389763866769231,62176,8,5000,10000,16 vec label
CPU,1.68408194933333,62176,8,5000,50000,16 vec label
CPU,3.786740719,62176,8,5000,100000,16 vec label
CPU,6.680686578,62176,8,5000,200000,16 vec label
CPU,16.474606534,62176,8,5000,500000,16 vec label
CPU,0.734554548428572,62176,8,10000,10000,16 vec label
CPU,3.3575361815,62176,8,10000,50000,16 vec label
CPU,6.647467741,62176,8,10000,100000,16 vec label
CPU,12.847057661,62176,8,10000,200000,16 vec label
CPU,0.0355250720141844,49024,16,50,10000,16 vec label
CPU,0.173094383206897,49024,16,50,50000,16 vec label
CPU,0.3517711114,49024,16,50,100000,16 vec label
CPU,0.66899211325,49024,16,50,200000,16 vec label
CPU,2.140659753,49024,16,50,500000,16 vec label
CPU,0.0360610378776978,62176,16,100,10000,16 vec label
CPU,0.196634216538462,62176,16,100,50000,16 vec label
CPU,0.400662000846154,62176,16,100,100000,16 vec label
CPU,0.932328569666667,62176,16,100,200000,16 vec label
CPU,2.04166050433333,62176,16,100,500000,16 vec label
CPU,0.20472696828,62176,16,1000,10000,16 vec label
CPU,0.868046942166667,62176,16,1000,50000,16 vec label
CPU,2.37115355133333,62176,16,1000,100000,16 vec label
CPU,4.1660371755,62176,16,1000,200000,16 vec label
CPU,8.821570441,62176,16,1000,500000,16 vec label
CPU,0.379457861428571,62176,16,2000,10000,16 vec label
CPU,1.73328749433333,62176,16,2000,50000,16 vec label
CPU,4.1092894435,62176,16,2000,100000,16 vec label
CPU,9.174699154,62176,16,2000,200000,16 vec label
CPU,17.600850323,62176,16,2000,500000,16 vec label
CPU,0.949113479,62176,16,5000,10000,16 vec label
CPU,4.4696202875,62176,16,5000,50000,16 vec label
CPU,8.851440278,62176,16,5000,100000,16 vec label
CPU,16.977508173,62176,16,5000,200000,16 vec label
CPU,43.853549068,62176,16,5000,500000,16 vec label
CPU,1.86256823166667,62176,16,10000,10000,16 vec label
CPU,8.7359112,62176,16,10000,50000,16 vec label
CPU,17.480696793,62176,16,10000,100000,16 vec label
CPU,35.335317326,62176,16,10000,200000,16 vec label
CPU,0.0722754168,49024,32,50,10000,16 vec label
CPU,0.367550228857143,49024,32,50,50000,16 vec label
CPU,0.725318552142857,49024,32,50,100000,16 vec label
CPU,1.4144173935,49024,32,50,200000,16 vec label
CPU,3.503029258,49024,32,50,500000,16 vec label
CPU,0.0896682694107143,62176,32,100,10000,16 vec label
CPU,0.399150466769231,62176,32,100,50000,16 vec label
CPU,0.882721148166667,62176,32,100,100000,16 vec label
CPU,1.5672019195,62176,32,100,200000,16 vec label
CPU,3.199098259,62176,32,100,500000,16 vec label
CPU,0.5010166265,62176,32,1000,10000,16 vec label
CPU,2.33670619066667,62176,32,1000,50000,16 vec label
CPU,4.648575733,62176,32,1000,100000,16 vec label
CPU,9.462215971,62176,32,1000,200000,16 vec label
CPU,29.644541705,62176,32,1000,500000,16 vec label
CPU,1.0614271536,62176,32,2000,10000,16 vec label
CPU,5.271124886,62176,32,2000,50000,16 vec label
CPU,9.832430757,62176,32,2000,100000,16 vec label
CPU,20.015192879,62176,32,2000,200000,16 vec label
CPU,45.417226584,62176,32,2000,500000,16 vec label
CPU,2.7665855185,62176,32,5000,10000,16 vec label
CPU,12.657631469,62176,32,5000,50000,16 vec label
CPU,24.922583132,62176,32,5000,100000,16 vec label
CPU,49.267959145,62176,32,5000,200000,16 vec label
CPU,120.375277205,62176,32,5000,500000,16 vec label
CPU,5.265086221,62176,32,10000,10000,16 vec label
CPU,24.845029361,62176,32,10000,50000,16 vec label
CPU,50.255130545,62176,32,10000,100000,16 vec label
CPU,99.960126281,62176,32,10000,200000,16 vec label
CPU,0.00133632993565684,49024,2,50,10000,4 vec label
CPU,0.00346782340666204,49024,2,50,50000,4 vec label
CPU,0.00673340012651413,49024,2,50,100000,4 vec label
CPU,0.0128405896512821,49024,2,50,200000,4 vec label
CPU,0.0341420541836735,49024,2,50,500000,4 vec label
CPU,0.00185160087379362,62176,2,100,10000,4 vec label
CPU,0.00542709127795874,62176,2,100,50000,4 vec label
CPU,0.0106538023510638,62176,2,100,100000,4 vec label
CPU,0.0214486948583691,62176,2,100,200000,4 vec label
CPU,0.0533197861382979,62176,2,100,500000,4 vec label
CPU,0.0128306266897436,62176,2,1000,10000,4 vec label
CPU,0.0449093300089286,62176,2,1000,50000,4 vec label
CPU,0.0897609497142857,62176,2,1000,100000,4 vec label
CPU,0.163563069516129,62176,2,1000,200000,4 vec label
CPU,0.397066777692308,62176,2,1000,500000,4 vec label
CPU,0.0231016943410138,62176,2,2000,10000,4 vec label
CPU,0.0836254158333333,62176,2,2000,50000,4 vec label
CPU,0.163748972741936,62176,2,2000,100000,4 vec label
CPU,0.3178606555625,62176,2,2000,200000,4 vec label
CPU,0.774858157857143,62176,2,2000,500000,4 vec label
CPU,0.0522442832291667,62176,2,5000,10000,4 vec label
CPU,0.2010582914,62176,2,5000,50000,4 vec label
CPU,0.384989000461538,62176,2,5000,100000,4 vec label
CPU,0.767368302857143,62176,2,5000,200000,4 vec label
CPU,1.860081692,62176,2,5000,500000,4 vec label
CPU,0.109477651804348,62176,2,10000,10000,4 vec label
CPU,0.387685581615385,62176,2,10000,50000,4 vec label
CPU,0.742838802571429,62176,2,10000,100000,4 vec label
CPU,1.49305939325,62176,2,10000,200000,4 vec label
CPU,3.7055707415,62176,2,10000,500000,4 vec label
CPU,0.00146371928588201,49024,4,50,10000,4 vec label
CPU,0.00413408449875931,49024,4,50,50000,4 vec label
CPU,0.00810497349756888,49024,4,50,100000,4 vec label
CPU,0.0155350575093168,49024,4,50,200000,4 vec label
CPU,0.038344372221374,49024,4,50,500000,4 vec label
CPU,0.00203558799306406,62176,4,100,10000,4 vec label
CPU,0.00689831551310345,62176,4,100,50000,4 vec label
CPU,0.0132889495543767,62176,4,100,100000,4 vec label
CPU,0.0263254191842105,62176,4,100,200000,4 vec label
CPU,0.064049823164557,62176,4,100,500000,4 vec label
CPU,0.0146855961554252,62176,4,1000,10000,4 vec label
CPU,0.0553389,62176,4,1000,50000,4 vec label
CPU,0.1016270545,62176,4,1000,100000,4 vec label
CPU,0.20048708184,62176,4,1000,200000,4 vec label
CPU,0.490395651090909,62176,4,1000,500000,4 vec label
CPU,0.0271756576956522,62176,4,2000,10000,4 vec label
CPU,0.105960724833333,62176,4,2000,50000,4 vec label
CPU,0.200412449,62176,4,2000,100000,4 vec label
CPU,0.390215557538462,62176,4,2000,200000,4 vec label
CPU,0.978489077333334,62176,4,2000,500000,4 vec label
CPU,0.0775175938,62176,4,5000,10000,4 vec label
CPU,0.25038121945,62176,4,5000,50000,4 vec label
CPU,0.480047518272727,62176,4,5000,100000,4 vec label
CPU,0.967773167833333,62176,4,5000,200000,4 vec label
CPU,2.37375663,62176,4,5000,500000,4 vec label
CPU,0.126018079225,62176,4,10000,10000,4 vec label
CPU,0.494074425454546,62176,4,10000,50000,4 vec label
CPU,0.947511955833334,62176,4,10000,100000,4 vec label
CPU,1.89270266166667,62176,4,10000,200000,4 vec label
CPU,4.7196063615,62176,4,10000,500000,4 vec label
CPU,0.00320371365041693,49024,8,50,10000,4 vec label
CPU,0.01214771825,49024,8,50,50000,4 vec label
CPU,0.0255003500913706,49024,8,50,100000,4 vec label
CPU,0.049433111127451,49024,8,50,200000,4 vec label
CPU,0.112311867488889,49024,8,50,500000,4 vec label
CPU,0.00356618578515346,62176,8,100,10000,4 vec label
CPU,0.0144025479510086,62176,8,100,50000,4 vec label
CPU,0.0271832720652174,62176,8,100,100000,4 vec label
CPU,0.0553038554615385,62176,8,100,200000,4 vec label
CPU,0.134493467447368,62176,8,100,500000,4 vec label
CPU,0.0222684985111111,62176,8,1000,10000,4 vec label
CPU,0.0863798037758621,62176,8,1000,50000,4 vec label
CPU,0.162178747677419,62176,8,1000,100000,4 vec label
CPU,0.315470244625,62176,8,1000,200000,4 vec label
CPU,0.798687613857143,62176,8,1000,500000,4 vec label
CPU,0.0403456845887097,62176,8,2000,10000,4 vec label
CPU,0.166920708066667,62176,8,2000,50000,4 vec label
CPU,0.316085840875,62176,8,2000,100000,4 vec label
CPU,0.615320280111111,62176,8,2000,200000,4 vec label
CPU,1.5276093995,62176,8,2000,500000,4 vec label
CPU,0.0972085307692308,62176,8,5000,10000,4 vec label
CPU,0.385990037230769,62176,8,5000,50000,4 vec label
CPU,0.770165879571429,62176,8,5000,100000,4 vec label
CPU,1.473533237,62176,8,5000,200000,4 vec label
CPU,3.648633779,62176,8,5000,500000,4 vec label
CPU,0.190808141185185,62176,8,10000,10000,4 vec label
CPU,0.771259003857143,62176,8,10000,50000,4 vec label
CPU,1.51944309925,62176,8,10000,100000,4 vec label
CPU,2.9251237035,62176,8,10000,200000,4 vec label
CPU,0.00676352861434371,49024,16,50,10000,4 vec label
CPU,0.03141121603125,49024,16,50,50000,4 vec label
CPU,0.0623505678271605,49024,16,50,100000,4 vec label
CPU,0.109241146,49024,16,50,200000,4 vec label
CPU,0.300275770411765,49024,16,50,500000,4 vec label
CPU,0.0081984785295082,62176,16,100,10000,4 vec label
CPU,0.0346954775793103,62176,16,100,50000,4 vec label
CPU,0.0668350812666667,62176,16,100,100000,4 vec label
CPU,0.0996291447843137,62176,16,100,200000,4 vec label
CPU,0.3459317754,62176,16,100,500000,4 vec label
CPU,0.0575533051724138,62176,16,1000,10000,4 vec label
CPU,0.2501641568,62176,16,1000,50000,4 vec label
CPU,0.460012340636364,62176,16,1000,100000,4 vec label
CPU,0.944070808833333,62176,16,1000,200000,4 vec label
CPU,2.34570141633333,62176,16,1000,500000,4 vec label
CPU,0.106654471638298,62176,16,2000,10000,4 vec label
CPU,0.355291950666667,62176,16,2000,50000,4 vec label
CPU,0.679459853,62176,16,2000,100000,4 vec label
CPU,1.34679135075,62176,16,2000,200000,4 vec label
CPU,3.3564824605,62176,16,2000,500000,4 vec label
CPU,0.226015393217391,62176,16,5000,10000,4 vec label
CPU,0.857859333333333,62176,16,5000,50000,4 vec label
CPU,1.67507933633333,62176,16,5000,100000,4 vec label
CPU,3.3763067735,62176,16,5000,200000,4 vec label
CPU,8.32992465,62176,16,5000,500000,4 vec label
CPU,0.498603620090909,62176,16,10000,10000,4 vec label
CPU,1.68098720933333,62176,16,10000,50000,4 vec label
CPU,3.3455117515,62176,16,10000,100000,4 vec label
CPU,6.678985397,62176,16,10000,200000,4 vec label
CPU,0.0130056137454545,49024,32,50,10000,4 vec label
CPU,0.0635190203797468,49024,32,50,50000,4 vec label
CPU,0.12258781302439,49024,32,50,100000,4 vec label
CPU,0.239825611809524,49024,32,50,200000,4 vec label
CPU,0.604748497777778,49024,32,50,500000,4 vec label
CPU,0.0205593523483607,62176,32,100,10000,4 vec label
CPU,0.0926503338518519,62176,32,100,50000,4 vec label
CPU,0.180606622035714,62176,32,100,100000,4 vec label
CPU,0.341357822266667,62176,32,100,200000,4 vec label
CPU,0.854600647,62176,32,100,500000,4 vec label
CPU,0.146183207571429,62176,32,1000,10000,4 vec label
CPU,0.63006086075,62176,32,1000,50000,4 vec label
CPU,1.1618195796,62176,32,1000,100000,4 vec label
CPU,2.312971673,62176,32,1000,200000,4 vec label
CPU,5.697948382,62176,32,1000,500000,4 vec label
CPU,0.273239487578947,62176,32,2000,10000,4 vec label
CPU,1.1742172056,62176,32,2000,50000,4 vec label
CPU,2.24953098566667,62176,32,2000,100000,4 vec label
CPU,4.5017337875,62176,32,2000,200000,4 vec label
CPU,10.923599157,62176,32,2000,500000,4 vec label
CPU,0.62642348825,62176,32,5000,10000,4 vec label
CPU,2.750560801,62176,32,5000,50000,4 vec label
CPU,5.496520403,62176,32,5000,100000,4 vec label
CPU,11.149616781,62176,32,5000,200000,4 vec label
CPU,27.564974322,62176,32,5000,500000,4 vec label
CPU,1.3603423235,62176,32,10000,10000,4 vec label
CPU,6.376968849,62176,32,10000,50000,4 vec label
CPU,12.891446195,62176,32,10000,100000,4 vec label
CPU,21.767001157,62176,32,10000,200000,4 vec label
CPU,0.0326342552597403,60521600,2,50,10000,8 scalar label
CPU,0.0341353055918367,60521600,2,50,50000,8 scalar label
CPU,0.0365661273357664,60521600,2,50,100000,8 scalar label
CPU,0.0420851494621849,60521600,2,50,200000,8 scalar label
CPU,0.0648261676666667,60521600,2,50,500000,8 scalar label
CPU,0.0426276426525424,77078144,2,100,10000,8 scalar label
CPU,0.04532656,77078144,2,100,50000,8 scalar label
CPU,0.0508307029292929,77078144,2,100,100000,8 scalar label
CPU,0.0651194888831169,77078144,2,100,200000,8 scalar label
CPU,0.115062230159091,77078144,2,100,500000,8 scalar label
CPU,0.0591343994,77078144,2,1000,10000,8 scalar label
CPU,0.120804475452381,77078144,2,1000,50000,8 scalar label
CPU,0.20390353888,77078144,2,1000,100000,8 scalar label
CPU,0.308070262058824,77078144,2,1000,200000,8 scalar label
CPU,0.596425387666667,77078144,2,1000,500000,8 scalar label
CPU,0.0811374020967742,77078144,2,2000,10000,8 scalar label
CPU,0.213602032791667,77078144,2,2000,50000,8 scalar label
CPU,0.3159434323125,77078144,2,2000,100000,8 scalar label
CPU,0.5010047882,77078144,2,2000,200000,8 scalar label
CPU,1.0985224068,77078144,2,2000,500000,8 scalar label
CPU,0.161321939290323,77078144,2,5000,10000,8 scalar label
CPU,0.373427358571429,77078144,2,5000,50000,8 scalar label
CPU,0.625903918875,77078144,2,5000,100000,8 scalar label
CPU,1.1220550466,77078144,2,5000,200000,8 scalar label
CPU,2.5995818915,77078144,2,5000,500000,8 scalar label
CPU,0.25316980555,77078144,2,10000,10000,8 scalar label
CPU,0.6757484015,77078144,2,10000,50000,8 scalar label
CPU,1.1734771774,77078144,2,10000,100000,8 scalar label
CPU,2.14645639366667,77078144,2,10000,200000,8 scalar label
CPU,5.084401092,77078144,2,10000,500000,8 scalar label
CPU,0.0330379979605263,60521600,4,50,10000,8 scalar label
CPU,0.0358031472071429,60521600,4,50,50000,8 scalar label
CPU,0.0394383941574803,60521600,4,50,100000,8 scalar label
CPU,0.0479103813619048,60521600,4,50,200000,8 scalar label
CPU,0.0763745306363636,60521600,4,50,500000,8 scalar label
CPU,0.0429347998888889,77078144,4,100,10000,8 scalar label
CPU,0.0481629773653846,77078144,4,100,50000,8 scalar label
CPU,0.0566886633258427,77078144,4,100,100000,8 scalar label
CPU,0.0755238526567164,77078144,4,100,200000,8 scalar label
CPU,0.141092056416667,77078144,4,100,500000,8 scalar label
CPU,0.0757639834090909,77078144,4,1000,10000,8 scalar label
CPU,0.148354336558824,77078144,4,1000,50000,8 scalar label
CPU,0.25893398085,77078144,4,1000,100000,8 scalar label
CPU,0.398748825923077,77078144,4,1000,200000,8 scalar label
CPU,0.806046422571429,77078144,4,1000,500000,8 scalar label
CPU,0.116791755860465,77078144,4,2000,10000,8 scalar label
CPU,0.272526250578947,77078144,4,2000,50000,8 scalar label
CPU,0.415981737076923,77078144,4,2000,100000,8 scalar label
CPU,0.687541702875,77078144,4,2000,200000,8 scalar label
CPU,1.5124027965,77078144,4,2000,500000,8 scalar label
CPU,0.227572521,77078144,4,5000,10000,8 scalar label
CPU,0.5308737411,77078144,4,5000,50000,8 scalar label
CPU,0.889108378,77078144,4,5000,100000,8 scalar label
CPU,1.56404109175,77078144,4,5000,200000,8 scalar label
CPU,3.575685465,77078144,4,5000,500000,8 scalar label
CPU,0.404227080538462,77078144,4,10000,10000,8 scalar label
CPU,0.996051300833334,77078144,4,10000,50000,8 scalar label
CPU,1.64754792975,77078144,4,10000,100000,8 scalar label
CPU,2.990800987,77078144,4,10000,200000,8 scalar label
CPU,6.996396357,77078144,4,10000,500000,8 scalar label
CPU,0.0342873093082192,60521600,8,50,10000,8 scalar label
CPU,0.0391708487890625,60521600,8,50,50000,8 scalar label
CPU,0.045163785981982,60521600,8,50,100000,8 scalar label
CPU,0.0570975964772727,60521600,8,50,200000,8 scalar label
CPU,0.0965607534807692,60521600,8,50,500000,8 scalar label
CPU,0.0458991027614679,77078144,8,100,10000,8 scalar label
CPU,0.0549708868461539,77078144,8,100,50000,8 scalar label
CPU,0.0676789860405406,77078144,8,100,100000,8 scalar label
CPU,0.0913701311785714,77078144,8,100,200000,8 scalar label
CPU,0.179137193535714,77078144,8,100,500000,8 scalar label
CPU,0.110020852652174,77078144,8,1000,10000,8 scalar label
CPU,0.21926648826087,77078144,8,1000,50000,8 scalar label
CPU,0.344331133533333,77078144,8,1000,100000,8 scalar label
CPU,0.541396425,77078144,8,1000,200000,8 scalar label
CPU,1.1081611628,77078144,8,1000,500000,8 scalar label
CPU,0.179880178964286,77078144,8,2000,10000,8 scalar label
CPU,0.368717596142857,77078144,8,2000,50000,8 scalar label
CPU,0.567890596777778,77078144,8,2000,100000,8 scalar label
CPU,0.985479976166667,77078144,8,2000,200000,8 scalar label
CPU,2.119460594,77078144,8,2000,500000,8 scalar label
CPU,0.388227896846154,77078144,8,5000,10000,8 scalar label
CPU,0.813829093571429,77078144,8,5000,50000,8 scalar label
CPU,1.3188789425,77078144,8,5000,100000,8 scalar label
CPU,2.22892261066667,77078144,8,5000,200000,8 scalar label
CPU,5.042402499,77078144,8,5000,500000,8 scalar label
CPU,0.757650179428572,77078144,8,10000,10000,8 scalar label
CPU,1.57859723225,77078144,8,10000,50000,8 scalar label
CPU,2.42200428466667,77078144,8,10000,100000,8 scalar label
CPU,4.3916436235,77078144,8,10000,200000,8 scalar label
CPU,0.0425247741949153,60521600,16,50,10000,8 scalar label
CPU,0.0598238409642857,60521600,16,50,50000,8 scalar label
CPU,0.0778470163692308,60521600,16,50,100000,8 scalar label
CPU,0.115206497409091,60521600,16,50,200000,8 scalar label
CPU,0.231980132272727,60521600,16,50,500000,8 scalar label
CPU,0.0617470140493827,77078144,16,100,10000,8 scalar label
CPU,0.0818392142096774,77078144,16,100,50000,8 scalar label
CPU,0.106454777895833,77078144,16,100,100000,8 scalar label
CPU,0.155098182151515,77078144,16,100,200000,8 scalar label
CPU,0.3213792898125,77078144,16,100,500000,8 scalar label
CPU,0.231018503818182,77078144,16,1000,10000,8 scalar label
CPU,0.393513094,77078144,16,1000,50000,8 scalar label
CPU,0.555953499666667,77078144,16,1000,100000,8 scalar label
CPU,0.910140709666667,77078144,16,1000,200000,8 scalar label
CPU,1.882103895,77078144,16,1000,500000,8 scalar label
CPU,0.406678518461538,77078144,16,2000,10000,8 scalar label
CPU,0.718994875571429,77078144,16,2000,50000,8 scalar label
CPU,1.0785443848,77078144,16,2000,100000,8 scalar label
CPU,1.72048255066667,77078144,16,2000,200000,8 scalar label
CPU,3.705431916,77078144,16,2000,500000,8 scalar label
CPU,0.9975233715,77078144,16,5000,10000,8 scalar label
CPU,1.71412572566667,77078144,16,5000,50000,8 scalar label
CPU,2.545733817,77078144,16,5000,100000,8 scalar label
CPU,4.201256865,77078144,16,5000,200000,8 scalar label
CPU,9.157303932,77078144,16,5000,500000,8 scalar label
CPU,1.997436031,77078144,16,10000,10000,8 scalar label
CPU,3.350977076,77078144,16,10000,50000,8 scalar label
CPU,4.9219353,77078144,16,10000,100000,8 scalar label
CPU,8.346536813,77078144,16,10000,200000,8 scalar label
CPU,0.0796016314603175,60521600,32,50,10000,8 scalar label
CPU,0.126023251925,60521600,32,50,50000,8 scalar label
CPU,0.191248272259259,60521600,32,50,100000,8 scalar label
CPU,0.301596390470588,60521600,32,50,200000,8 scalar label
CPU,0.6368072805,60521600,32,50,500000,8 scalar label
CPU,0.114606342886364,77078144,32,100,10000,8 scalar label
CPU,0.161808201967742,77078144,32,100,50000,8 scalar label
CPU,0.22207350773913,77078144,32,100,100000,8 scalar label
CPU,0.3498663446,77078144,32,100,200000,8 scalar label
CPU,0.738371190285714,77078144,32,100,500000,8 scalar label
CPU,0.751162488428572,77078144,32,1000,10000,8 scalar label
CPU,1.0857565838,77078144,32,1000,50000,8 scalar label
CPU,1.48388294675,77078144,32,1000,100000,8 scalar label
CPU,2.119178194,77078144,32,1000,200000,8 scalar label
CPU,4.2864774545,77078144,32,1000,500000,8 scalar label
CPU,1.487310274,77078144,32,2000,10000,8 scalar label
CPU,2.14407825066667,77078144,32,2000,50000,8 scalar label
CPU,2.9150937885,77078144,32,2000,100000,8 scalar label
CPU,4.2710684615,77078144,32,2000,200000,8 scalar label
CPU,8.409960004,77078144,32,2000,500000,8 scalar label
CPU,3.689209739,77078144,32,5000,10000,8 scalar label
CPU,5.18099513,77078144,32,5000,50000,8 scalar label
CPU,6.985532954,77078144,32,5000,100000,8 scalar label
CPU,10.438765461,77078144,32,5000,200000,8 scalar label
CPU,20.943651943,77078144,32,5000,500000,8 scalar label
CPU,7.335034224,77078144,32,10000,10000,8 scalar label
CPU,10.235818903,77078144,32,10000,50000,8 scalar label
CPU,13.709864332,77078144,32,10000,100000,8 scalar label
CPU,20.691189105,77078144,32,10000,200000,8 scalar label
CPU,0.00165624891733068,49024,2,50,10000,8 vec label
CPU,0.00628844594842767,49024,2,50,50000,8 vec label
CPU,0.012299267029484,49024,2,50,100000,8 vec label
CPU,0.0243296900728155,49024,2,50,200000,8 vec label
CPU,0.0664240247894737,49024,2,50,500000,8 vec label
CPU,0.00244882502306183,62176,2,100,10000,8 vec label
CPU,0.00990068245544555,62176,2,100,50000,8 vec label
CPU,0.019998905972,62176,2,100,100000,8 vec label
CPU,0.0392925901015625,62176,2,100,200000,8 vec label
CPU,0.0969334273076923,62176,2,100,500000,8 vec label
CPU,0.0184384740258303,62176,2,1000,10000,8 vec label
CPU,0.0741203801176471,62176,2,1000,50000,8 vec label
CPU,0.1434799586,62176,2,1000,100000,8 vec label
CPU,0.283205123333333,62176,2,1000,200000,8 vec label
CPU,0.696174972125,62176,2,1000,500000,8 vec label
CPU,0.0353606353169014,62176,2,2000,10000,8 vec label
CPU,0.150875194705882,62176,2,2000,50000,8 vec label
CPU,0.288891846777778,62176,2,2000,100000,8 vec label
CPU,0.563567776777778,62176,2,2000,200000,8 vec label
CPU,1.3657688655,62176,2,2000,500000,8 vec label
CPU,0.0878937840350877,62176,2,5000,10000,8 vec label
CPU,0.345104684666667,62176,2,5000,50000,8 vec label
CPU,0.682796949875,62176,2,5000,100000,8 vec label
CPU,1.3672507795,62176,2,5000,200000,8 vec label
CPU,3.3540262245,62176,2,5000,500000,8 vec label
CPU,0.169819290533333,62176,2,10000,10000,8 vec label
CPU,0.68413522225,62176,2,10000,50000,8 vec label
CPU,1.3377695215,62176,2,10000,100000,8 vec label
CPU,2.694440535,62176,2,10000,200000,8 vec label
CPU,6.70584547,62176,2,10000,500000,8 vec label
CPU,0.00197340797034401,49024,4,50,10000,8 vec label
CPU,0.00784801227315542,49024,4,50,50000,8 vec label
CPU,0.01566684198125,49024,4,50,100000,8 vec label
CPU,0.0312056371118012,49024,4,50,200000,8 vec label
CPU,0.0723196440571429,49024,4,50,500000,8 vec label
CPU,0.00316159386329114,62176,4,100,10000,8 vec label
CPU,0.0132509458783069,62176,4,100,50000,8 vec label
CPU,0.0262007276701571,62176,4,100,100000,8 vec label
CPU,0.0516243434226804,62176,4,100,200000,8 vec label
CPU,0.130477945435897,62176,4,100,500000,8 vec label
CPU,0.0237821883080569,62176,4,1000,10000,8 vec label
CPU,0.0996261119215686,62176,4,1000,50000,8 vec label
CPU,0.199564732153846,62176,4,1000,100000,8 vec label
CPU,0.379664465285714,62176,4,1000,200000,8 vec label
CPU,0.943557428,62176,4,1000,500000,8 vec label
CPU,0.0476760502857143,62176,4,2000,10000,8 vec label
CPU,0.198525325884615,62176,4,2000,50000,8 vec label
CPU,0.388749398846154,62176,4,2000,100000,8 vec label
CPU,0.754736068714286,62176,4,2000,200000,8 vec label
CPU,1.87216499933333,62176,4,2000,500000,8 vec label
CPU,0.118380313604651,62176,4,5000,10000,8 vec label
CPU,0.496683448272727,62176,4,5000,50000,8 vec label
CPU,0.928761932833333,62176,4,5000,100000,8 vec label
CPU,1.85237445133333,62176,4,5000,200000,8 vec label
CPU,4.555270477,62176,4,5000,500000,8 vec label
CPU,0.219594842869565,62176,4,10000,10000,8 vec label
CPU,0.931782923166667,62176,4,10000,50000,8 vec label
CPU,1.82452083266667,62176,4,10000,100000,8 vec label
CPU,3.675275968,62176,4,10000,200000,8 vec label
CPU,9.058059353,62176,4,10000,500000,8 vec label
CPU,0.00640277674903969,49024,8,50,10000,8 vec label
CPU,0.0345082180137931,49024,8,50,50000,8 vec label
CPU,0.0655885831168831,49024,8,50,100000,8 vec label
CPU,0.143109642714286,49024,8,50,200000,8 vec label
CPU,0.307551260294118,49024,8,50,500000,8 vec label
CPU,0.00766051961562022,62176,8,100,10000,8 vec label
CPU,0.0347229734791667,62176,8,100,50000,8 vec label
CPU,0.0642409960384615,62176,8,100,100000,8 vec label
CPU,0.139598982945946,62176,8,100,200000,8 vec label
CPU,0.31881853675,62176,8,100,500000,8 vec label
CPU,0.0433867236637931,62176,8,1000,10000,8 vec label
CPU,0.15691806946875,62176,8,1000,50000,8 vec label
CPU,0.308244796823529,62176,8,1000,100000,8 vec label
CPU,0.601121563555556,62176,8,1000,200000,8 vec label
CPU,1.5012258735,62176,8,1000,500000,8 vec label
CPU,0.0829080614426229,62176,8,2000,10000,8 vec label
CPU,0.318732579375,62176,8,2000,50000,8 vec label
CPU,0.594641325555556,62176,8,2000,100000,8 vec label
CPU,1.1928856414,62176,8,2000,200000,8 vec label
CPU,2.963759329,62176,8,2000,500000,8 vec label
CPU,0.182759955714286,62176,8,5000,10000,8 vec label
CPU,0.767286959142857,62176,8,5000,50000,8 vec label
CPU,1.44866676125,62176,8,5000,100000,8 vec label
CPU,2.9444037105,62176,8,5000,200000,8 vec label
CPU,7.312778406,62176,8,5000,500000,8 vec label
CPU,0.343627083133333,62176,8,10000,10000,8 vec label
CPU,1.45202289225,62176,8,10000,50000,8 vec label
CPU,2.943609737,62176,8,10000,100000,8 vec label
CPU,5.750008514,62176,8,10000,200000,8 vec label
CPU,0.012648369040404,49024,16,50,10000,8 vec label
CPU,0.0592798021647059,49024,16,50,50000,8 vec label
CPU,0.122460987902439,49024,16,50,100000,8 vec label
CPU,0.264768802157895,49024,16,50,200000,8 vec label
CPU,0.594034552,49024,16,50,500000,8 vec label
CPU,0.0153527913834356,62176,16,100,10000,8 vec label
CPU,0.0690495312465753,62176,16,100,50000,8 vec label
CPU,0.150247324617647,62176,16,100,100000,8 vec label
CPU,0.308202352764706,62176,16,100,200000,8 vec label
CPU,0.697066517,62176,16,100,500000,8 vec label
CPU,0.110049023847826,62176,16,1000,10000,8 vec label
CPU,0.5001498478,62176,16,1000,50000,8 vec label
CPU,0.792081563428572,62176,16,1000,100000,8 vec label
CPU,1.572363324,62176,16,1000,200000,8 vec label
CPU,3.9867469775,62176,16,1000,500000,8 vec label
CPU,0.186046995185185,62176,16,2000,10000,8 vec label
CPU,0.957438089166667,62176,16,2000,50000,8 vec label
CPU,1.55933962725,62176,16,2000,100000,8 vec label
CPU,3.046810901,62176,16,2000,200000,8 vec label
CPU,7.619723899,62176,16,2000,500000,8 vec label
CPU,0.435972086083333,62176,16,5000,10000,8 vec label
CPU,1.919856665,62176,16,5000,50000,8 vec label
CPU,4.777547251,62176,16,5000,100000,8 vec label
CPU,7.870324726,62176,16,5000,200000,8 vec label
CPU,19.38572889,62176,16,5000,500000,8 vec label
CPU,0.838705871833333,62176,16,10000,10000,8 vec label
CPU,3.868660558,62176,16,10000,50000,8 vec label
CPU,9.126533156,62176,16,10000,100000,8 vec label
CPU,15.587953812,62176,16,10000,200000,8 vec label
CPU,0.0259493601554404,49024,32,50,10000,8 vec label
CPU,0.12197919704878,49024,32,50,50000,8 vec label
CPU,0.244442476714286,49024,32,50,100000,8 vec label
CPU,0.479341721727273,49024,32,50,200000,8 vec label
CPU,1.2388735994,49024,32,50,500000,8 vec label
CPU,0.0383026116412214,62176,32,100,10000,8 vec label
CPU,0.174532809413793,62176,32,100,50000,8 vec label
CPU,0.3469834988,62176,32,100,100000,8 vec label
CPU,0.68574743575,62176,32,100,200000,8 vec label
CPU,1.6268771745,62176,32,100,500000,8 vec label
CPU,0.298536239411765,62176,32,1000,10000,8 vec label
CPU,1.3271981365,62176,32,1000,50000,8 vec label
CPU,2.7003354455,62176,32,1000,100000,8 vec label
CPU,5.486591142,62176,32,1000,200000,8 vec label
CPU,13.499547974,62176,32,1000,500000,8 vec label
CPU,0.568129036333333,62176,32,2000,10000,8 vec label
CPU,2.6322685305,62176,32,2000,50000,8 vec label
CPU,5.270088502,62176,32,2000,100000,8 vec label
CPU,10.815932614,62176,32,2000,200000,8 vec label
CPU,26.465352097,62176,32,2000,500000,8 vec label
CPU,1.3760462065,62176,32,5000,10000,8 vec label
CPU,6.523039123,62176,32,5000,50000,8 vec label
CPU,13.016406341,62176,32,5000,100000,8 vec label
CPU,26.107575928,62176,32,5000,200000,8 vec label
CPU,66.97263611,62176,32,5000,500000,8 vec label
CPU,2.7067949245,62176,32,10000,10000,8 vec label
CPU,12.963979822,62176,32,10000,50000,8 vec label
CPU,25.899427465,62176,32,10000,100000,8 vec label
CPU,52.708420581,62176,32,10000,200000,8 vec label
